source,target,relationship
Acanthomyops latipes,Arizona,locatedIn
Acinonyx jubatus,New Mexico,locatedIn
Acinonyx jubatus,Ohio,locatedIn
Acipenser brevirostrum,Massachusetts,locatedIn
Acipenser brevirostrum,New Jersey,locatedIn
Acipenser brevirostrum,Connecticut,locatedIn
Acipenser brevirostrum,South Carolina,locatedIn
Acipenser fulvescens,New York,locatedIn
Acipenser fulvescens,Ohio,locatedIn
Acipenser fulvescens,,locatedIn
Acipenser fulvescens,Georgia,locatedIn
Acipenser fulvescens,Arkansas,locatedIn
Acipenser fulvescens,Michigan,locatedIn
Acipenser fulvescens,Mississippi,locatedIn
Acipenser fulvescens,Nebraska,locatedIn
Acipenser fulvescens,Wisconsin,locatedIn
Acipenser fulvescens,Minnesota,locatedIn
Acipenser medirostris,Oregon,locatedIn
Acipenser medirostris,California,locatedIn
Acipenser medirostris,Alabama,locatedIn
Acipenser medirostris,,locatedIn
Acipenser oxyrinchus,Florida,locatedIn
Acipenser oxyrinchus,,locatedIn
Acipenser oxyrinchus,Pennsylvania,locatedIn
Acipenser transmontanus,Idaho,locatedIn
Acipenser transmontanus,Alabama,locatedIn
Acipenser transmontanus,Ohio,locatedIn
Acipenser transmontanus,California,locatedIn
Acipenser transmontanus,Oregon,locatedIn
Acrocodia indica,Washington,locatedIn
Acropora cervicornis,,locatedIn
Acropora palmata,,locatedIn
Actinemys marmorata,California,locatedIn
Actinemys marmorata,,locatedIn
Addax nasomaculatus,Texas,locatedIn
Aetobatus narinari,,locatedIn
Aetobatus ocellatus,,locatedIn
Agapornis nigrigenis,California,locatedIn
Agaricia lamarcki,,locatedIn
Agelaius tricolor,California,locatedIn
Agelaius tricolor,Washington,locatedIn
Agelaius tricolor,Arizona,locatedIn
Ailurus fulgens,New Mexico,locatedIn
Ailurus fulgens,Washington,locatedIn
Ailurus fulgens,California,locatedIn
Alasmidonta atropurpurea,Kentucky,locatedIn
Alasmidonta atropurpurea,Tennessee,locatedIn
Alasmidonta triangulata,Alabama,locatedIn
Alasmidonta varicosa,North Carolina,locatedIn
Alligator sinensis,Texas,locatedIn
Alopias pelagicus,,locatedIn
Alopias superciliosus,,locatedIn
Alopias vulpinus,,locatedIn
Alosa aestivalis,South Carolina,locatedIn
Alosa aestivalis,Texas,locatedIn
Alosa aestivalis,Pennsylvania,locatedIn
Alosa aestivalis,Georgia,locatedIn
Alosa aestivalis,Florida,locatedIn
Alosa aestivalis,Maine,locatedIn
Alosa aestivalis,Connecticut,locatedIn
Alosa aestivalis,New York,locatedIn
Alosa aestivalis,New Jersey,locatedIn
Alosa aestivalis,North Carolina,locatedIn
Alosa aestivalis,,locatedIn
Alosa aestivalis,Alabama,locatedIn
Alosa aestivalis,Vermont,locatedIn
Alosa aestivalis,Tennessee,locatedIn
Alosa aestivalis,Virginia,locatedIn
Amazona finschi,Texas,locatedIn
Amazona finschi,California,locatedIn
Amazona finschi,Arizona,locatedIn
Amazona oratrix,California,locatedIn
Amazona oratrix,Utah,locatedIn
Amazona oratrix,Texas,locatedIn
Amazona viridigenalis,Texas,locatedIn
Amazona viridigenalis,California,locatedIn
Amblema neislerii,Florida,locatedIn
Amblema neislerii,Alabama,locatedIn
Amblonyx cinereus,Texas,locatedIn
Amblyraja radiata,,locatedIn
Ambystoma bishopi,Florida,locatedIn
Ambystoma californiense,California,locatedIn
Ambystoma cingulatum,South Carolina,locatedIn
Ambystoma cingulatum,Florida,locatedIn
Ammocrypta clara,Louisiana,locatedIn
Ammocrypta clara,Iowa,locatedIn
Ammocrypta clara,Wisconsin,locatedIn
Ammocrypta clara,Texas,locatedIn
Ammocrypta clara,West Virginia,locatedIn
Ammocrypta clara,Missouri,locatedIn
Ammospermophilus nelsoni,California,locatedIn
Ammospiza caudacuta,Virginia,locatedIn
Ammospiza caudacuta,,locatedIn
Ammospiza caudacuta,Maine,locatedIn
Ammotragus lervia,Texas,locatedIn
Ammotragus lervia,New Mexico,locatedIn
Anas laysanensis,,locatedIn
Anas wyvilliana,Hawaii,locatedIn
Anaxyrus californicus,California,locatedIn
Anaxyrus canorus,California,locatedIn
Anaxyrus houstonensis,Texas,locatedIn
Anaxyrus nelsoni,Nevada,locatedIn
Anergates atratulus,Ohio,locatedIn
Anguilla rostrata,South Carolina,locatedIn
Anguilla rostrata,Florida,locatedIn
Anguilla rostrata,Illinois,locatedIn
Anguilla rostrata,Louisiana,locatedIn
Anguilla rostrata,Alabama,locatedIn
Anguilla rostrata,Ohio,locatedIn
Anguilla rostrata,Pennsylvania,locatedIn
Anguilla rostrata,New Jersey,locatedIn
Anguilla rostrata,Maryland,locatedIn
Anguilla rostrata,Georgia,locatedIn
Anguilla rostrata,Virginia,locatedIn
Anguilla rostrata,Texas,locatedIn
Anguilla rostrata,Massachusetts,locatedIn
Anguilla rostrata,Mississippi,locatedIn
Anguilla rostrata,North Carolina,locatedIn
Anguilla rostrata,Maine,locatedIn
Anguilla rostrata,Delaware,locatedIn
Anguilla rostrata,,locatedIn
Anguilla rostrata,Vermont,locatedIn
Anguilla rostrata,Arizona,locatedIn
Anguilla rostrata,New York,locatedIn
Anodonta californiensis,Utah,locatedIn
Anodonta californiensis,California,locatedIn
Anodonta californiensis,Idaho,locatedIn
Anodonta nuttalliana,Utah,locatedIn
Anodonta nuttalliana,California,locatedIn
Anodorhynchus hyacinthinus,New Mexico,locatedIn
Anodorhynchus hyacinthinus,Louisiana,locatedIn
Anser cygnoides,California,locatedIn
Anser erythropus,,locatedIn
Anthropoides paradiseus,Wisconsin,locatedIn
Anthus spragueii,Texas,locatedIn
Anthus spragueii,Colorado,locatedIn
Anthus spragueii,North Dakota,locatedIn
Anthus spragueii,California,locatedIn
Aotus nancymai,Washington,locatedIn
Aphelocoma coerulescens,Colorado,locatedIn
Aphelocoma coerulescens,Texas,locatedIn
Aphelocoma coerulescens,Florida,locatedIn
Aphelocoma coerulescens,California,locatedIn
Aphelocoma coerulescens,,locatedIn
Aphelocoma coerulescens,New Mexico,locatedIn
Aphelocoma coerulescens,Arizona,locatedIn
Apostichopus parvimensis,,locatedIn
Apteryx australis,California,locatedIn
Ara glaucogularis,Colorado,locatedIn
Ara militaris,Texas,locatedIn
Ara militaris,Louisiana,locatedIn
Aratinga solstitialis,New Mexico,locatedIn
Aratinga solstitialis,Utah,locatedIn
Archoplites interruptus,Oregon,locatedIn
Archoplites interruptus,Colorado,locatedIn
Archoplites interruptus,California,locatedIn
Archoplites interruptus,Nevada,locatedIn
Arctictis binturong,New Mexico,locatedIn
Asarcornis scutulata,Louisiana,locatedIn
Ateles belzebuth,New Mexico,locatedIn
Atelopus flavescens,Ohio,locatedIn
Athearnia anthonyi,Tennessee,locatedIn
Atrytone arogos,Iowa,locatedIn
Atrytone arogos,Florida,locatedIn
Aythya ferina,,locatedIn
Aythya ferina,Alaska,locatedIn
Babyrousa babyrussa,Texas,locatedIn
Babyrousa celebensis,Texas,locatedIn
Balaeniceps rex,Colorado,locatedIn
Balaenoptera musculus,California,locatedIn
Balaenoptera musculus,,locatedIn
Balaenoptera physalus,California,locatedIn
Balaenoptera physalus,,locatedIn
Balaenoptera physalus,Alaska,locatedIn
Balearica pavonina,Wisconsin,locatedIn
Balearica regulorum,Wisconsin,locatedIn
Balistes capriscus,,locatedIn
Balistes capriscus,Alabama,locatedIn
Bathytoshia centroura,,locatedIn
Bathytoshia lata,,locatedIn
Batrachoseps campi,California,locatedIn
Batrachoseps regius,California,locatedIn
Batrachoseps simatus,California,locatedIn
Batrachoseps stebbinsi,California,locatedIn
Batrachoseps wrighti,Oregon,locatedIn
Bombus affinis,Illinois,locatedIn
Bombus affinis,New Mexico,locatedIn
Bombus affinis,Connecticut,locatedIn
Bombus affinis,Indiana,locatedIn
Bombus californicus,Washington,locatedIn
Bombus californicus,Oregon,locatedIn
Bombus californicus,Wyoming,locatedIn
Bombus californicus,Colorado,locatedIn
Bombus californicus,Utah,locatedIn
Bombus californicus,California,locatedIn
Bombus californicus,Montana,locatedIn
Bombus californicus,Nevada,locatedIn
Bombus caliginosus,Oregon,locatedIn
Bombus caliginosus,,locatedIn
Bombus caliginosus,Washington,locatedIn
Bombus caliginosus,California,locatedIn
Bombus crotchii,California,locatedIn
Bombus fervidus,Pennsylvania,locatedIn
Bombus fervidus,Wyoming,locatedIn
Bombus fervidus,Virginia,locatedIn
Bombus fervidus,Colorado,locatedIn
Bombus fervidus,Washington,locatedIn
Bombus fervidus,Oregon,locatedIn
Bombus fervidus,Ohio,locatedIn
Bombus fervidus,Massachusetts,locatedIn
Bombus fervidus,Michigan,locatedIn
Bombus fervidus,Utah,locatedIn
Bombus fervidus,New Jersey,locatedIn
Bombus fervidus,Montana,locatedIn
Bombus fervidus,Illinois,locatedIn
Bombus fervidus,,locatedIn
Bombus fervidus,Idaho,locatedIn
Bombus fervidus,Wisconsin,locatedIn
Bombus fervidus,Indiana,locatedIn
Bombus fervidus,New York,locatedIn
Bombus fervidus,North Dakota,locatedIn
Bombus fervidus,Kentucky,locatedIn
Bombus fervidus,Maine,locatedIn
Bombus fervidus,Minnesota,locatedIn
Bombus fervidus,Tennessee,locatedIn
Bombus fervidus,Delaware,locatedIn
Bombus fervidus,Connecticut,locatedIn
Bombus fervidus,New Mexico,locatedIn
Bombus fervidus,West Virginia,locatedIn
Bombus fervidus,California,locatedIn
Bombus fervidus,Vermont,locatedIn
Bombus fraternus,Colorado,locatedIn
Bombus fraternus,North Carolina,locatedIn
Bombus fraternus,Nebraska,locatedIn
Bombus fraternus,Illinois,locatedIn
Bombus fraternus,Kansas,locatedIn
Bombus fraternus,Florida,locatedIn
Bombus fraternus,South Dakota,locatedIn
Bombus mckayi,Alaska,locatedIn
Bombus morrisoni,Colorado,locatedIn
Bombus morrisoni,Utah,locatedIn
Bombus morrisoni,California,locatedIn
Bombus morrisoni,Oregon,locatedIn
Bombus morrisoni,Nevada,locatedIn
Bombus morrisoni,Washington,locatedIn
Bombus morrisoni,New Mexico,locatedIn
Bombus occidentalis,Idaho,locatedIn
Bombus occidentalis,Wyoming,locatedIn
Bombus occidentalis,Alaska,locatedIn
Bombus occidentalis,Oregon,locatedIn
Bombus occidentalis,Colorado,locatedIn
Bombus occidentalis,Utah,locatedIn
Bombus occidentalis,Montana,locatedIn
Bombus occidentalis,Nevada,locatedIn
Bombus occidentalis,Washington,locatedIn
Bombus occidentalis,Missouri,locatedIn
Bombus pensylvanicus,Missouri,locatedIn
Bombus pensylvanicus,Florida,locatedIn
Bombus pensylvanicus,Kansas,locatedIn
Bombus pensylvanicus,North Carolina,locatedIn
Bombus pensylvanicus,Texas,locatedIn
Bombus pensylvanicus,Tennessee,locatedIn
Bombus pensylvanicus,Arkansas,locatedIn
Bombus pensylvanicus,Alabama,locatedIn
Bombus pensylvanicus,Louisiana,locatedIn
Bombus pensylvanicus,Colorado,locatedIn
Bombus pensylvanicus,Utah,locatedIn
Bombus pensylvanicus,Oklahoma,locatedIn
Bombus pensylvanicus,Kentucky,locatedIn
Bombus pensylvanicus,Illinois,locatedIn
Bombus pensylvanicus,Mississippi,locatedIn
Bombus pensylvanicus,Iowa,locatedIn
Bombus pensylvanicus,Indiana,locatedIn
Bombus pensylvanicus,Nebraska,locatedIn
Bombus pensylvanicus,South Carolina,locatedIn
Bombus pensylvanicus,South Dakota,locatedIn
Bombus pensylvanicus,Ohio,locatedIn
Bombus pensylvanicus,Connecticut,locatedIn
Bombus pensylvanicus,Virginia,locatedIn
Bombus sonorus,Colorado,locatedIn
Bombus sonorus,Texas,locatedIn
Bombus sonorus,New Mexico,locatedIn
Bombus suckleyi,Colorado,locatedIn
Bombus suckleyi,Idaho,locatedIn
Bombus suckleyi,Montana,locatedIn
Bombus suckleyi,Utah,locatedIn
Bombus suckleyi,California,locatedIn
Bombus terricola,Pennsylvania,locatedIn
Bombus terricola,,locatedIn
Bombus terricola,New York,locatedIn
Bombus terricola,Massachusetts,locatedIn
Bombus terricola,Maine,locatedIn
Bombus terricola,Oregon,locatedIn
Bombus terricola,South Dakota,locatedIn
Bombus terricola,Washington,locatedIn
Bombus terricola,North Carolina,locatedIn
Bombus terricola,Vermont,locatedIn
Bombus variabilis,Florida,locatedIn
Bos javanicus,New Mexico,locatedIn
Brachyramphus marmoratus,,locatedIn
Brachyramphus marmoratus,Alaska,locatedIn
Brachyramphus marmoratus,Oregon,locatedIn
Brachyramphus marmoratus,Washington,locatedIn
Brachyramphus marmoratus,California,locatedIn
Branchinecta conservatio,California,locatedIn
Branchinecta longiantenna,California,locatedIn
Branchinecta lynchi,California,locatedIn
Branchinecta lynchi,Oregon,locatedIn
Branchinecta lynchi,,locatedIn
Branchinecta sandiegonensis,California,locatedIn
Branta ruficollis,Louisiana,locatedIn
Bubalus depressicornis,Washington,locatedIn
Bubo scandiacus,Nebraska,locatedIn
Bubo scandiacus,Colorado,locatedIn
Bubo scandiacus,Alaska,locatedIn
Bubo scandiacus,,locatedIn
Bubo scandiacus,New York,locatedIn
Bubo scandiacus,Washington,locatedIn
Bubo scandiacus,Ohio,locatedIn
Bubo scandiacus,Michigan,locatedIn
Bubo scandiacus,Kansas,locatedIn
Bubo scandiacus,Maine,locatedIn
Bubo scandiacus,Indiana,locatedIn
Bubo scandiacus,Montana,locatedIn
Buceros rhinoceros,Louisiana,locatedIn
Bucorvus leadbeateri,Texas,locatedIn
Budorcas taxicolor,New Mexico,locatedIn
Budorcas taxicolor,Washington,locatedIn
Bugeranus carunculatus,Wisconsin,locatedIn
Cacatua alba,Utah,locatedIn
Cacatua alba,Louisiana,locatedIn
Calathaemon holthuisi,Texas,locatedIn
Calcarius ornatus,Wyoming,locatedIn
Calcarius ornatus,Colorado,locatedIn
Calcarius ornatus,North Dakota,locatedIn
Calcarius ornatus,South Dakota,locatedIn
Calcarius ornatus,New Mexico,locatedIn
Calcarius ornatus,Kansas,locatedIn
Calcarius ornatus,Alaska,locatedIn
Calcarius ornatus,California,locatedIn
Calcarius ornatus,Montana,locatedIn
Calcarius ornatus,Arizona,locatedIn
Calidris acuminata,Alaska,locatedIn
Calidris acuminata,,locatedIn
Calidris acuminata,Oregon,locatedIn
Callocephalon fimbriatum,California,locatedIn
Callorhinus ursinus,,locatedIn
Callorhinus ursinus,Alaska,locatedIn
Callorhinus ursinus,Washington,locatedIn
Callorhinus ursinus,California,locatedIn
Cambarus cracens,Tennessee,locatedIn
Cambarus harti,Georgia,locatedIn
Cambarus jonesi,Alabama,locatedIn
Cambarus speleocoopi,Alabama,locatedIn
Camelus bactrianus,New Mexico,locatedIn
Camelus bactrianus,Ohio,locatedIn
Camelus bactrianus,Utah,locatedIn
Camelus bactrianus,Alaska,locatedIn
Campeloma decampi,Alabama,locatedIn
Canis lupus,North Carolina,locatedIn
Canis lupus,Mississippi,locatedIn
Canis lupus,Washington,locatedIn
Canis lupus,Missouri,locatedIn
Capra nubiana,Texas,locatedIn
Carcharhinus acronotus,Alabama,locatedIn
Carcharhinus amblyrhynchos,,locatedIn
Carcharhinus brevipinna,,locatedIn
Carcharhinus leucas,Texas,locatedIn
Carcharhinus leucas,Mississippi,locatedIn
Carcharhinus leucas,Alabama,locatedIn
Carcharhinus leucas,Florida,locatedIn
Carcharhinus leucas,,locatedIn
Carcharhinus limbatus,Mississippi,locatedIn
Carcharhinus limbatus,Alabama,locatedIn
Carcharhinus limbatus,,locatedIn
Carcharhinus limbatus,Ohio,locatedIn
Carcharhinus longimanus,California,locatedIn
Carcharhinus melanopterus,,locatedIn
Carcharhinus obscurus,Alabama,locatedIn
Carcharhinus obscurus,,locatedIn
Carcharhinus perezii,,locatedIn
Carcharhinus plumbeus,Alabama,locatedIn
Carcharhinus plumbeus,,locatedIn
Carcharhinus signatus,,locatedIn
Carcharias taurus,,locatedIn
Carcharias taurus,North Carolina,locatedIn
Carcharodon carcharias,California,locatedIn
Carcharodon carcharias,,locatedIn
Carcharodon carcharias,Florida,locatedIn
Caretta caretta,North Carolina,locatedIn
Caretta caretta,,locatedIn
Caretta caretta,Georgia,locatedIn
Caretta caretta,Florida,locatedIn
Carettochelys insculpta,Florida,locatedIn
Catagonus wagneri,California,locatedIn
Catharus bicknelli,Vermont,locatedIn
Catharus bicknelli,New Hampshire,locatedIn
Catharus bicknelli,New Jersey,locatedIn
Catharus bicknelli,New York,locatedIn
Catharus bicknelli,Maine,locatedIn
Catostomus santaanae,California,locatedIn
Catostomus warnerensis,Oregon,locatedIn
Cebuella pygmaea,Texas,locatedIn
Centrocercus minimus,Colorado,locatedIn
Centrocercus minimus,California,locatedIn
Centrochelys sulcata,Texas,locatedIn
Centrophorus granulosus,,locatedIn
Centrophorus tessellatus,,locatedIn
Centroscymnus owstonii,,locatedIn
Cetorhinus maximus,California,locatedIn
Chaetura andrei,California,locatedIn
Chaetura pelagica,Colorado,locatedIn
Chaetura pelagica,Florida,locatedIn
Chaetura pelagica,New York,locatedIn
Chaetura pelagica,West Virginia,locatedIn
Chaetura pelagica,Texas,locatedIn
Chaetura pelagica,North Carolina,locatedIn
Chaetura pelagica,Illinois,locatedIn
Chaetura pelagica,Ohio,locatedIn
Chaetura pelagica,Louisiana,locatedIn
Chaetura pelagica,Missouri,locatedIn
Chaetura pelagica,Mississippi,locatedIn
Chaetura pelagica,Indiana,locatedIn
Chaetura pelagica,Nebraska,locatedIn
Chaetura pelagica,Arkansas,locatedIn
Chaetura pelagica,Minnesota,locatedIn
Chaetura pelagica,,locatedIn
Charina umbratica,California,locatedIn
Chasiempis ibidis,Hawaii,locatedIn
Chasiempis sandwichensis,Hawaii,locatedIn
Chasiempis sclateri,Hawaii,locatedIn
Chasmistes brevirostris,Oregon,locatedIn
Chasmistes brevirostris,California,locatedIn
Chelonia mydas,,locatedIn
Chelonia mydas,North Carolina,locatedIn
Chelonia mydas,Washington,locatedIn
Chinchilla lanigera,Washington,locatedIn
Chinchilla lanigera,Utah,locatedIn
Chinchilla lanigera,Texas,locatedIn
Chrosomus saylori,Tennessee,locatedIn
Chrosomus tennesseensis,Alabama,locatedIn
Chrosomus tennesseensis,Tennessee,locatedIn
Clangula hyemalis,Alaska,locatedIn
Clangula hyemalis,,locatedIn
Clangula hyemalis,Missouri,locatedIn
Clangula hyemalis,Michigan,locatedIn
Clangula hyemalis,New Mexico,locatedIn
Clangula hyemalis,Connecticut,locatedIn
Clangula hyemalis,New York,locatedIn
Clangula hyemalis,California,locatedIn
Clangula hyemalis,Arizona,locatedIn
Clangula hyemalis,Washington,locatedIn
Clangula hyemalis,Maine,locatedIn
Clemmys guttata,Virginia,locatedIn
Clemmys guttata,New Jersey,locatedIn
Clemmys guttata,North Carolina,locatedIn
Clemmys guttata,Pennsylvania,locatedIn
Clemmys guttata,Ohio,locatedIn
Clemmys guttata,New York,locatedIn
Clemmys guttata,California,locatedIn
Clemmys guttata,Georgia,locatedIn
Clemmys guttata,Michigan,locatedIn
Clidoderma asperrimum,,locatedIn
Colobus angolensis,Texas,locatedIn
Conasprella stearnsii,,locatedIn
Conus floridanus,Florida,locatedIn
Conus scalaris,North Carolina,locatedIn
Conus scalaris,Florida,locatedIn
Conus scalaris,,locatedIn
Coregonus hoyi,Wisconsin,locatedIn
Coregonus hoyi,,locatedIn
Coregonus hoyi,Michigan,locatedIn
Coregonus kiyi,,locatedIn
Coregonus kiyi,Michigan,locatedIn
Coregonus kiyi,Wisconsin,locatedIn
Coregonus kiyi,Minnesota,locatedIn
Coregonus zenithicus,,locatedIn
Correlophus ciliatus,California,locatedIn
Coryphopterus eidolon,,locatedIn
Coryphopterus lipernes,,locatedIn
Coryphopterus personatus,,locatedIn
Cosmocampus balli,,locatedIn
Cottus extensus,Idaho,locatedIn
Cottus extensus,Utah,locatedIn
Cottus paulus,Alabama,locatedIn
Cottus tenuis,Oregon,locatedIn
Crangonyx grandimanus,Florida,locatedIn
Crangonyx hobbsi,Florida,locatedIn
Crax alberti,New Mexico,locatedIn
Crematogaster pilosa,Georgia,locatedIn
Crematogaster pilosa,Arkansas,locatedIn
Crematogaster pilosa,Tennessee,locatedIn
Crematogaster pilosa,Alabama,locatedIn
Crematogaster pilosa,Ohio,locatedIn
Crematogaster pilosa,Oklahoma,locatedIn
Crenichthys baileyi,Nevada,locatedIn
Crocodylus acutus,Florida,locatedIn
Crotaphytus reticulatus,Texas,locatedIn
Cryptoprocta ferox,Texas,locatedIn
Crystallaria asprella,Alabama,locatedIn
Crystallaria asprella,Arkansas,locatedIn
Crystallaria asprella,Mississippi,locatedIn
Crystallaria asprella,Wisconsin,locatedIn
Crystallaria asprella,Florida,locatedIn
Crystallaria asprella,Louisiana,locatedIn
Ctenomys sociabilis,California,locatedIn
Cumberlandia monodonta,Tennessee,locatedIn
Cuora amboinensis,Colorado,locatedIn
Cuora amboinensis,California,locatedIn
Cuora flavomarginata,Massachusetts,locatedIn
Cuora galbinifrons,California,locatedIn
Cynomys parvidens,Utah,locatedIn
Cynoscion regalis,,locatedIn
Cynoscion regalis,New Jersey,locatedIn
Cynoscion regalis,Alabama,locatedIn
Cynoscion regalis,Maryland,locatedIn
Cyprinella caerulea,Tennessee,locatedIn
Cyprinella caerulea,Alabama,locatedIn
Cyprinella lepida,Texas,locatedIn
Cyprinella monacha,Tennessee,locatedIn
Cyprinella monacha,North Carolina,locatedIn
Cyprinodon elegans,Texas,locatedIn
Cyprinodon eremus,Arizona,locatedIn
Cyprinodon macularius,Arizona,locatedIn
Cyprinodon macularius,California,locatedIn
Cyprinodon macularius,Michigan,locatedIn
Cyprinodon nevadensis,California,locatedIn
Cyprinodon pecosensis,New Mexico,locatedIn
Cyprinodon salinus,California,locatedIn
Cyprinodon tularosa,New Mexico,locatedIn
Cyprinus carpio,Delaware,locatedIn
Cyprinus carpio,South Carolina,locatedIn
Cyprinus carpio,Iowa,locatedIn
Cyprinus carpio,Missouri,locatedIn
Cyprinus carpio,Illinois,locatedIn
Cyprinus carpio,Wisconsin,locatedIn
Cyprinus carpio,Colorado,locatedIn
Cyprinus carpio,Nebraska,locatedIn
Cyprinus carpio,Washington,locatedIn
Cyprinus carpio,Minnesota,locatedIn
Cyprinus carpio,Florida,locatedIn
Cyprinus carpio,Wyoming,locatedIn
Cyprinus carpio,Oklahoma,locatedIn
Cyprinus carpio,Michigan,locatedIn
Cyprinus carpio,New York,locatedIn
Cyprinus carpio,Maryland,locatedIn
Cyprinus carpio,Pennsylvania,locatedIn
Cyprinus carpio,Indiana,locatedIn
Cyprinus carpio,Ohio,locatedIn
Cyprinus carpio,,locatedIn
Cyprinus carpio,California,locatedIn
Cyprinus carpio,Virginia,locatedIn
Cyprinus carpio,Tennessee,locatedIn
Cyprinus carpio,Texas,locatedIn
Cyprinus carpio,Arkansas,locatedIn
Cyprinus carpio,Louisiana,locatedIn
Cyprinus carpio,New Jersey,locatedIn
Cyprinus carpio,Georgia,locatedIn
Cyprinus carpio,Kentucky,locatedIn
Cyprinus carpio,Idaho,locatedIn
Cyprinus carpio,Kansas,locatedIn
Cyprinus carpio,Alabama,locatedIn
Cyprinus carpio,North Dakota,locatedIn
Cyprinus carpio,South Dakota,locatedIn
Cyprinus carpio,Oregon,locatedIn
Cyprinus carpio,West Virginia,locatedIn
Cyprinus carpio,New Mexico,locatedIn
Cyprinus carpio,Montana,locatedIn
Cyprinus carpio,Mississippi,locatedIn
Cyprinus carpio,North Carolina,locatedIn
Cyprinus carpio,New Hampshire,locatedIn
Cyprinus carpio,Nevada,locatedIn
Cyprinus carpio,Arizona,locatedIn
Cyprinus carpio,Utah,locatedIn
Cyprinus carpio,District of Columbia,locatedIn
Cyprinus carpio,Connecticut,locatedIn
Cyprinus carpio,Massachusetts,locatedIn
Cyprinus carpio,Hawaii,locatedIn
Cyprinus carpio,Rhode Island,locatedIn
Cyprinus carpio,Vermont,locatedIn
Cyprogenia stegaria,Tennessee,locatedIn
Cyprogenia stegaria,Kentucky,locatedIn
Cypseloides niger,,locatedIn
Cypseloides niger,California,locatedIn
Cypseloides niger,Arizona,locatedIn
Cypseloides niger,Colorado,locatedIn
Cypseloides niger,Alaska,locatedIn
Danaus plexippus,New Mexico,locatedIn
Deltistes luxatus,Oregon,locatedIn
Deltistes luxatus,California,locatedIn
Dendrogyra cylindrus,,locatedIn
Dendrolagus matschiei,New Mexico,locatedIn
Dendrolagus matschiei,Ohio,locatedIn
Dendrolagus matschiei,Washington,locatedIn
Dermochelys coriacea,,locatedIn
Dermochelys coriacea,North Carolina,locatedIn
Dermochelys coriacea,California,locatedIn
Dermochelys coriacea,Florida,locatedIn
Dermochelys coriacea,Georgia,locatedIn
Dicerorhinus sumatrensis,Ohio,locatedIn
Diceros bicornis,Pennsylvania,locatedIn
Diceros bicornis,Texas,locatedIn
Diceros bicornis,Illinois,locatedIn
Diceros bicornis,Ohio,locatedIn
Diceros bicornis,Michigan,locatedIn
Diceros bicornis,Colorado,locatedIn
Diceros bicornis,Wisconsin,locatedIn
Diceros bicornis,Missouri,locatedIn
Dichocoenia stokesii,,locatedIn
Dionda diaboli,Texas,locatedIn
Dipodomys ingens,California,locatedIn
Dipodomys nitratoides,California,locatedIn
Dipodomys stephensi,California,locatedIn
Dorymyrmex insanus,Colorado,locatedIn
Dorymyrmex insanus,New Mexico,locatedIn
Dorymyrmex insanus,Arizona,locatedIn
Dorymyrmex insanus,Texas,locatedIn
Dorymyrmex insanus,Utah,locatedIn
Dorymyrmex insanus,North Dakota,locatedIn
Dorymyrmex insanus,Nebraska,locatedIn
Dromus dromas,Tennessee,locatedIn
Elaphrus viridis,California,locatedIn
Elassoma alabamae,Alabama,locatedIn
Elassoma boehlkei,North Carolina,locatedIn
Elassoma okatie,South Carolina,locatedIn
Elassoma okatie,Georgia,locatedIn
Elephas maximus,New Mexico,locatedIn
Elephas maximus,Texas,locatedIn
Elephas maximus,Ohio,locatedIn
Elephas maximus,California,locatedIn
Elgaria panamintina,California,locatedIn
Elimia ampla,Alabama,locatedIn
Elimia annettae,Alabama,locatedIn
Elimia bellacrenata,Alabama,locatedIn
Elimia bellula,Alabama,locatedIn
Elimia hydeii,Alabama,locatedIn
Elimia olivula,Alabama,locatedIn
Ellipsoptera puritana,Maryland,locatedIn
Ellipsoptera puritana,Connecticut,locatedIn
Elliptio roanokensis,Georgia,locatedIn
Elliptio roanokensis,North Carolina,locatedIn
Elliptio roanokensis,South Carolina,locatedIn
Elliptoideus sloatianus,Florida,locatedIn
Emberiza rustica,,locatedIn
Emberiza rustica,Alaska,locatedIn
Emys blandingii,Nebraska,locatedIn
Emys blandingii,Michigan,locatedIn
Enhydra lutris,,locatedIn
Enhydra lutris,Alaska,locatedIn
Enhydra lutris,Washington,locatedIn
Enhydra lutris,California,locatedIn
Entosphenus minimus,Oregon,locatedIn
Epinephelus itajara,Texas,locatedIn
Epinephelus itajara,,locatedIn
Epinephelus morio,Alabama,locatedIn
Epinephelus morio,,locatedIn
Epinephelus striatus,,locatedIn
Epioblasma brevidens,Tennessee,locatedIn
Epioblasma brevidens,Alabama,locatedIn
Epioblasma brevidens,Kentucky,locatedIn
Epioblasma brevidens,Virginia,locatedIn
Epioblasma capsaeformis,Tennessee,locatedIn
Epioblasma penita,Alabama,locatedIn
Epioblasma triquetra,Tennessee,locatedIn
Epioblasma triquetra,Pennsylvania,locatedIn
Epioblasma triquetra,Kentucky,locatedIn
Epioblasma triquetra,Alabama,locatedIn
Epioblasma walkeri,Tennessee,locatedIn
Equus hartmannae,New Mexico,locatedIn
Eremarionta immaculata,California,locatedIn
Eremichthys acros,Nevada,locatedIn
Etheostoma acuticeps,Tennessee,locatedIn
Etheostoma acuticeps,Virginia,locatedIn
Etheostoma akatulo,Tennessee,locatedIn
Etheostoma bellator,Alabama,locatedIn
Etheostoma boschungi,Alabama,locatedIn
Etheostoma boschungi,Tennessee,locatedIn
Etheostoma brevirostrum,Alabama,locatedIn
Etheostoma brevirostrum,Georgia,locatedIn
Etheostoma brevirostrum,Tennessee,locatedIn
Etheostoma chermocki,Alabama,locatedIn
Etheostoma chienense,Kentucky,locatedIn
Etheostoma cinereum,Tennessee,locatedIn
Etheostoma cinereum,Kentucky,locatedIn
Etheostoma denoncourti,Tennessee,locatedIn
Etheostoma ditrema,Tennessee,locatedIn
Etheostoma ditrema,Alabama,locatedIn
Etheostoma ditrema,Georgia,locatedIn
Etheostoma etowahae,Georgia,locatedIn
Etheostoma fonticola,Texas,locatedIn
Etheostoma forbesi,Tennessee,locatedIn
Etheostoma grahami,Texas,locatedIn
Etheostoma grahami,,locatedIn
Etheostoma lemniscatum,Tennessee,locatedIn
Etheostoma maculatum,Ohio,locatedIn
Etheostoma maculatum,Pennsylvania,locatedIn
Etheostoma maculatum,Kentucky,locatedIn
Etheostoma maculatum,Indiana,locatedIn
Etheostoma maculatum,Alabama,locatedIn
Etheostoma moorei,Arkansas,locatedIn
Etheostoma nuchale,Alabama,locatedIn
Etheostoma pallididorsum,Arkansas,locatedIn
Etheostoma perlongum,North Carolina,locatedIn
Etheostoma phytophilum,Alabama,locatedIn
Etheostoma pseudovulatum,Tennessee,locatedIn
Etheostoma rubrum,Mississippi,locatedIn
Etheostoma scotti,Georgia,locatedIn
Etheostoma striatulum,Tennessee,locatedIn
Etheostoma susanae,Kentucky,locatedIn
Etheostoma tecumsehi,Kentucky,locatedIn
Etheostoma trisella,Tennessee,locatedIn
Etheostoma trisella,Alabama,locatedIn
Etheostoma trisella,Georgia,locatedIn
Etheostoma tuscumbia,Alabama,locatedIn
Etheostoma wapiti,Alabama,locatedIn
Eubalaena glacialis,,locatedIn
Eulemur flavifrons,California,locatedIn
Eulemur macaco,New Mexico,locatedIn
Eulemur macaco,California,locatedIn
Euphagus carolinus,Alaska,locatedIn
Euphagus carolinus,Louisiana,locatedIn
Euphagus carolinus,New Hampshire,locatedIn
Euphagus carolinus,New York,locatedIn
Euphagus carolinus,Michigan,locatedIn
Euphagus carolinus,,locatedIn
Euphagus carolinus,Illinois,locatedIn
Euphagus carolinus,New Mexico,locatedIn
Euphagus carolinus,Arkansas,locatedIn
Eurycea junaluska,North Carolina,locatedIn
Eurycea junaluska,Tennessee,locatedIn
Eurycea naufragia,Texas,locatedIn
Eurycea neotenes,Texas,locatedIn
Eurycea rathbuni,Texas,locatedIn
Felis nigripes,Texas,locatedIn
Fratercula arctica,New York,locatedIn
Fratercula arctica,Maine,locatedIn
Fulica alai,Hawaii,locatedIn
Fundulus euryzonus,Mississippi,locatedIn
Fundulus euryzonus,Louisiana,locatedIn
Fundulus jenkinsi,Alabama,locatedIn
Fundulus jenkinsi,Florida,locatedIn
Fundulus jenkinsi,Mississippi,locatedIn
Fundulus jenkinsi,,locatedIn
Fundulus jenkinsi,Louisiana,locatedIn
Fusconaia cor,Tennessee,locatedIn
Fusconaia cor,Alabama,locatedIn
Fusconaia cuneolus,Tennessee,locatedIn
Fusconaia cuneolus,Alabama,locatedIn
Fusconaia escambia,Alabama,locatedIn
Fusconaia masoni,North Carolina,locatedIn
Fusconaia subrotunda,Georgia,locatedIn
Fusconaia subrotunda,North Carolina,locatedIn
Fusconaia subrotunda,Tennessee,locatedIn
Fusconaia subrotunda,Pennsylvania,locatedIn
Fusconaia subrotunda,Kentucky,locatedIn
Fusconaia subrotunda,Alabama,locatedIn
Fusconaia subrotunda,West Virginia,locatedIn
Fusconaia subrotunda,Virginia,locatedIn
Gadus morhua,Maine,locatedIn
Gadus morhua,,locatedIn
Galeorhinus galeus,,locatedIn
Galeorhinus galeus,California,locatedIn
Gallirallus owstoni,Louisiana,locatedIn
Gambelia sila,California,locatedIn
Gambusia clarkhubbsi,Texas,locatedIn
Gambusia gaigei,Texas,locatedIn
Gambusia nobilis,New Mexico,locatedIn
Gambusia nobilis,Texas,locatedIn
Gammarus pecos,Texas,locatedIn
Geronticus eremita,Louisiana,locatedIn
Gila cypha,Arizona,locatedIn
Gila cypha,Colorado,locatedIn
Gila elegans,New Mexico,locatedIn
Gila elegans,California,locatedIn
Gila elegans,Arizona,locatedIn
Gila intermedia,New Mexico,locatedIn
Gila intermedia,Arizona,locatedIn
Gila nigrescens,New Mexico,locatedIn
Gila orcuttii,California,locatedIn
Gila robusta,Wyoming,locatedIn
Gila robusta,New Mexico,locatedIn
Gila robusta,Colorado,locatedIn
Gila robusta,Arizona,locatedIn
Gila robusta,Nevada,locatedIn
Gila robusta,Utah,locatedIn
Ginglymostoma cirratum,Alabama,locatedIn
Ginglymostoma cirratum,,locatedIn
Giraffa camelopardalis,Washington,locatedIn
Giraffa camelopardalis,California,locatedIn
Giraffa reticulata,New Mexico,locatedIn
Giraffa reticulata,California,locatedIn
Glyptemys insculpta,Michigan,locatedIn
Glyptemys insculpta,Pennsylvania,locatedIn
Glyptemys insculpta,Wisconsin,locatedIn
Glyptemys insculpta,,locatedIn
Glyptemys insculpta,West Virginia,locatedIn
Glyptemys muhlenbergii,Tennessee,locatedIn
Gonidea angulata,Oregon,locatedIn
Gonidea angulata,California,locatedIn
Gonidea coalingensis,California,locatedIn
Gopherus agassizii,New Mexico,locatedIn
Gopherus agassizii,Nevada,locatedIn
Gopherus agassizii,California,locatedIn
Gopherus agassizii,Arizona,locatedIn
Gopherus polyphemus,Florida,locatedIn
Gopherus polyphemus,Georgia,locatedIn
Gopherus polyphemus,Alabama,locatedIn
Gorilla gorilla,Pennsylvania,locatedIn
Gorilla gorilla,New Mexico,locatedIn
Gorilla gorilla,Ohio,locatedIn
Gorilla gorilla,Washington,locatedIn
Gorilla gorilla,Utah,locatedIn
Graptemys barbouri,Florida,locatedIn
Graptemys barbouri,Alabama,locatedIn
Graptemys barbouri,Georgia,locatedIn
Graptemys caglei,Texas,locatedIn
Graptemys oculifera,Louisiana,locatedIn
Grus americana,Texas,locatedIn
Grus americana,Florida,locatedIn
Grus americana,Maryland,locatedIn
Grus americana,Wisconsin,locatedIn
Grus americana,New Mexico,locatedIn
Grus americana,Montana,locatedIn
Grus americana,Kansas,locatedIn
Grus japonensis,Louisiana,locatedIn
Grus japonensis,Wisconsin,locatedIn
Grus leucogeranus,Wisconsin,locatedIn
Grus vipio,Louisiana,locatedIn
Grus vipio,Wisconsin,locatedIn
Gymnogyps californianus,Wyoming,locatedIn
Gymnogyps californianus,Arizona,locatedIn
Gymnogyps californianus,Texas,locatedIn
Gymnogyps californianus,California,locatedIn
Gymnorhinus cyanocephalus,California,locatedIn
Gymnorhinus cyanocephalus,New Mexico,locatedIn
Gymnorhinus cyanocephalus,Arizona,locatedIn
Gymnorhinus cyanocephalus,Nevada,locatedIn
Gymnorhinus cyanocephalus,Colorado,locatedIn
Gymnorhinus cyanocephalus,Nebraska,locatedIn
Gymnorhinus cyanocephalus,Utah,locatedIn
Gymnorhinus cyanocephalus,Montana,locatedIn
Gymnura altavela,,locatedIn
Gyrinophilus palleucus,Tennessee,locatedIn
Haliotis corrugata,California,locatedIn
Haliotis cracherodii,,locatedIn
Haliotis cracherodii,California,locatedIn
Haliotis fulgens,,locatedIn
Haliotis fulgens,California,locatedIn
Haliotis kamtschatkana,,locatedIn
Haliotis rufescens,,locatedIn
Haliotis rufescens,California,locatedIn
Haliotis sorenseni,,locatedIn
Haliotis sorenseni,California,locatedIn
Hamiota altilis,Alabama,locatedIn
Hamiota altilis,Georgia,locatedIn
Helarctos malayanus,Texas,locatedIn
Helminthoglypta coelata,California,locatedIn
Helminthoglypta walkeriana,California,locatedIn
Hemignathus wilsoni,Hawaii,locatedIn
Hemistena lata,Tennessee,locatedIn
Hemitragus hylocrius,Texas,locatedIn
Heosemys spinosa,California,locatedIn
Hesperia dacotae,Iowa,locatedIn
Hesperia ottoe,Illinois,locatedIn
Hesperia ottoe,Nebraska,locatedIn
Hesperia ottoe,Indiana,locatedIn
Hesperia ottoe,,locatedIn
Hesperiphona vespertina,Michigan,locatedIn
Hesperiphona vespertina,Colorado,locatedIn
Hesperiphona vespertina,,locatedIn
Hesperiphona vespertina,West Virginia,locatedIn
Hesperiphona vespertina,New Mexico,locatedIn
Hesperiphona vespertina,Wyoming,locatedIn
Hesperiphona vespertina,New York,locatedIn
Hesperiphona vespertina,Arizona,locatedIn
Hesperiphona vespertina,Oregon,locatedIn
Hesperiphona vespertina,Texas,locatedIn
Hesperiphona vespertina,Montana,locatedIn
Hesperiphona vespertina,Washington,locatedIn
Hesperiphona vespertina,Utah,locatedIn
Hesperiphona vespertina,Idaho,locatedIn
Hesperiphona vespertina,California,locatedIn
Hesperiphona vespertina,Minnesota,locatedIn
Hesperiphona vespertina,Vermont,locatedIn
Hesperiphona vespertina,New Hampshire,locatedIn
Heterodon simus,Georgia,locatedIn
Heterodon simus,,locatedIn
Heterodon simus,Florida,locatedIn
Hexaprotodon liberiensis,Utah,locatedIn
Hippocampus erectus,,locatedIn
Hippocampus erectus,Florida,locatedIn
Hippocampus erectus,Texas,locatedIn
Hippocampus kuda,Hawaii,locatedIn
Hippoglossus hippoglossus,,locatedIn
Hippopotamus amphibius,Illinois,locatedIn
Hippopotamus amphibius,Colorado,locatedIn
Hippopotamus amphibius,Washington,locatedIn
Hippopotamus amphibius,Wisconsin,locatedIn
Hybognathus amarus,New Mexico,locatedIn
Hybognathus amarus,Texas,locatedIn
Hydrobates homochroa,California,locatedIn
Hydromantes brunus,California,locatedIn
Hydromantes shastae,California,locatedIn
Hylobates lar,Texas,locatedIn
Hylobates lar,California,locatedIn
Hypomesus transpacificus,California,locatedIn
Hyporthodus flavolimbatus,,locatedIn
Hyporthodus niveatus,Alabama,locatedIn
Iotichthys phlegethontis,North Dakota,locatedIn
Iotichthys phlegethontis,Utah,locatedIn
Ischnura gemina,California,locatedIn
Istiophorus platypterus,Alabama,locatedIn
Istiophorus platypterus,,locatedIn
Istiophorus platypterus,Florida,locatedIn
Isurus oxyrinchus,,locatedIn
Isurus oxyrinchus,California,locatedIn
Juga occata,California,locatedIn
Lachnolaimus maximus,,locatedIn
Lagothrix lagothricha,Ohio,locatedIn
Lamna nasus,California,locatedIn
Lampetra hubbsi,California,locatedIn
Lampsilis abrupta,Alabama,locatedIn
Lampsilis abrupta,Missouri,locatedIn
Lampsilis cariosa,South Carolina,locatedIn
Lampsilis cariosa,North Carolina,locatedIn
Lampsilis rafinesqueana,Missouri,locatedIn
Lampsilis virescens,Alabama,locatedIn
Laterallus jamaicensis,Florida,locatedIn
Laterallus jamaicensis,Colorado,locatedIn
Laterallus jamaicensis,West Virginia,locatedIn
Laterallus jamaicensis,Arizona,locatedIn
Laterallus jamaicensis,California,locatedIn
Lates mariae,Texas,locatedIn
Lemiox rimosus,Tennessee,locatedIn
Lemur catta,Utah,locatedIn
Leontopithecus chrysomelas,Texas,locatedIn
Leontopithecus rosalia,New Mexico,locatedIn
Leontopithecus rosalia,Ohio,locatedIn
Leontopithecus rosalia,Washington,locatedIn
Leontopithecus rosalia,Utah,locatedIn
Lepetodrilus gordensis,,locatedIn
Lepidochelys kempii,North Carolina,locatedIn
Lepidochelys kempii,,locatedIn
Lepidochelys olivacea,California,locatedIn
Lepidomeda aliciae,Utah,locatedIn
Lepidomeda mollispinis,Arizona,locatedIn
Lepidurus packardi,California,locatedIn
Leptonycteris curasoae,New Mexico,locatedIn
Leptonycteris curasoae,California,locatedIn
Leptonycteris nivalis,New Mexico,locatedIn
Leptoxis ampla,Alabama,locatedIn
Leptoxis picta,Alabama,locatedIn
Leptoxis praerosa,Tennessee,locatedIn
Leptoxis praerosa,Illinois,locatedIn
Leptoxis virgata,Tennessee,locatedIn
Lepus callotis,New Mexico,locatedIn
Leucopsar rothschildi,Nebraska,locatedIn
Leucopsar rothschildi,California,locatedIn
Leucopsar rothschildi,Louisiana,locatedIn
Leucoraja ocellata,,locatedIn
Leucoraja ocellata,Maryland,locatedIn
Leucosticte atrata,Alaska,locatedIn
Leucosticte atrata,New Mexico,locatedIn
Leucosticte atrata,Nevada,locatedIn
Leucosticte atrata,Colorado,locatedIn
Leucosticte atrata,Montana,locatedIn
Leucosticte australis,Colorado,locatedIn
Leucosticte australis,New Mexico,locatedIn
Limanda ferruginea,,locatedIn
Limulus polyphemus,South Carolina,locatedIn
Limulus polyphemus,,locatedIn
Limulus polyphemus,New Jersey,locatedIn
Limulus polyphemus,Connecticut,locatedIn
Limulus polyphemus,Florida,locatedIn
Limulus polyphemus,California,locatedIn
Limulus polyphemus,Maryland,locatedIn
Lioplax cyclostomatiformis,Alabama,locatedIn
Lithasia armigera,,locatedIn
Lithasia armigera,Illinois,locatedIn
Lithasia armigera,Indiana,locatedIn
Lithasia duttoniana,Tennessee,locatedIn
Lithobates chiricahuensis,New Mexico,locatedIn
Lithobates chiricahuensis,Arizona,locatedIn
Lithobates okaloosae,Florida,locatedIn
Lithobates onca,Arizona,locatedIn
Lithobates sevosus,New Mexico,locatedIn
Lithobates sevosus,Alabama,locatedIn
Lonchura oryzivora,,locatedIn
Lonchura oryzivora,California,locatedIn
Lonchura oryzivora,Oklahoma,locatedIn
Lophocebus aterrimus,Texas,locatedIn
Lopholatilus chamaeleonticeps,Alabama,locatedIn
Lopholatilus chamaeleonticeps,,locatedIn
Loxioides bailleui,Hawaii,locatedIn
Loxodonta africana,Texas,locatedIn
Loxodonta africana,Illinois,locatedIn
Loxodonta africana,Ohio,locatedIn
Loxops coccineus,Hawaii,locatedIn
Lucidota luteicollis,Florida,locatedIn
Lutjanus campechanus,Louisiana,locatedIn
Lutjanus campechanus,Alabama,locatedIn
Lutjanus campechanus,,locatedIn
Lutjanus cyanopterus,,locatedIn
Lycaon pictus,New Mexico,locatedIn
Lycaon pictus,Texas,locatedIn
Lycaon pictus,Washington,locatedIn
Macaca silenus,Washington,locatedIn
Macrhybopsis australis,Texas,locatedIn
Macrhybopsis australis,Oklahoma,locatedIn
Macrhybopsis tetranema,Texas,locatedIn
Macrhybopsis tetranema,New Mexico,locatedIn
Macrobaenetes kelsoensis,California,locatedIn
Macrochelys temminckii,Tennessee,locatedIn
Macrochelys temminckii,Kentucky,locatedIn
Macrochelys temminckii,District of Columbia,locatedIn
Macrochelys temminckii,Florida,locatedIn
Macrochelys temminckii,Arizona,locatedIn
Macrochelys temminckii,Louisiana,locatedIn
Macrochelys temminckii,California,locatedIn
Macrochelys temminckii,Georgia,locatedIn
Macrochelys temminckii,Texas,locatedIn
Makaira nigricans,,locatedIn
Malaclemys terrapin,Virginia,locatedIn
Malaclemys terrapin,New Jersey,locatedIn
Malaclemys terrapin,Florida,locatedIn
Malaclemys terrapin,Louisiana,locatedIn
Malaclemys terrapin,North Carolina,locatedIn
Malaclemys terrapin,,locatedIn
Malaclemys terrapin,South Carolina,locatedIn
Malaclemys terrapin,Texas,locatedIn
Malaclemys terrapin,Delaware,locatedIn
Malaclemys terrapin,Massachusetts,locatedIn
Malaclemys terrapin,California,locatedIn
Malacoraja senta,,locatedIn
Mandrillus sphinx,Utah,locatedIn
Mantella aurantiaca,New Mexico,locatedIn
Margaritifera margaritifera,Colorado,locatedIn
Margaritifera margaritifera,New York,locatedIn
Margaritifera marrianae,Alabama,locatedIn
Mauremys reevesii,Massachusetts,locatedIn
Mauremys reevesii,California,locatedIn
Mauremys sinensis,Virginia,locatedIn
Meda fulgida,New Mexico,locatedIn
Meda fulgida,Arizona,locatedIn
Medionidus acutissimus,Alabama,locatedIn
Medionidus parvulus,Tennessee,locatedIn
Medionidus penicillatus,Georgia,locatedIn
Megalops atlanticus,Mississippi,locatedIn
Megalops atlanticus,Louisiana,locatedIn
Megalops atlanticus,Alabama,locatedIn
Megalops atlanticus,Texas,locatedIn
Megalops atlanticus,,locatedIn
Melanitta fusca,Alaska,locatedIn
Melanitta fusca,,locatedIn
Melanitta fusca,Texas,locatedIn
Melanitta fusca,Michigan,locatedIn
Melanitta fusca,Oregon,locatedIn
Melanitta fusca,California,locatedIn
Melanitta fusca,Washington,locatedIn
Melanitta fusca,New York,locatedIn
Melanitta fusca,Massachusetts,locatedIn
Melanitta fusca,Kansas,locatedIn
Melanitta fusca,Maine,locatedIn
Melanogrammus aeglefinus,,locatedIn
Melanogrammus aeglefinus,Alabama,locatedIn
Melursus ursinus,Washington,locatedIn
Mesocricetus auratus,Texas,locatedIn
Mesoplodon perrini,,locatedIn
Micrarionta gabbii,California,locatedIn
Moapa coriacea,Nevada,locatedIn
Mobula birostris,,locatedIn
Mola mola,California,locatedIn
Mola mola,,locatedIn
Mola mola,Alabama,locatedIn
Mola mola,Washington,locatedIn
Mola mola,Rhode Island,locatedIn
Mola mola,South Carolina,locatedIn
Mola mola,North Carolina,locatedIn
Mola mola,Florida,locatedIn
Monadenia circumcarinata,California,locatedIn
Moxostoma robustum,Georgia,locatedIn
Moxostoma robustum,South Carolina,locatedIn
Mustela nigripes,Wyoming,locatedIn
Mustela nigripes,Wisconsin,locatedIn
Mustela nigripes,New Mexico,locatedIn
Mustela nigripes,Colorado,locatedIn
Mustela nigripes,South Dakota,locatedIn
Mustela nigripes,Virginia,locatedIn
Myadestes obscurus,Hawaii,locatedIn
Myadestes palmeri,Hawaii,locatedIn
Mycetophyllia ferox,,locatedIn
Mycteria cinerea,Louisiana,locatedIn
Mycteroperca interstitialis,Alabama,locatedIn
Mycteroperca microlepis,,locatedIn
Mycteroperca microlepis,Louisiana,locatedIn
Mycteroperca microlepis,Alabama,locatedIn
Myliobatis freminvillei,,locatedIn
Myotis grisescens,Alaska,locatedIn
Myotis leibii,Washington,locatedIn
Myotis leibii,Wyoming,locatedIn
Myotis leibii,Arizona,locatedIn
Myotis leibii,New York,locatedIn
Myotis leibii,New Mexico,locatedIn
Myotis leibii,Colorado,locatedIn
Myotis leibii,Nevada,locatedIn
Myotis lucifugus,Colorado,locatedIn
Myotis lucifugus,New York,locatedIn
Myotis lucifugus,Alaska,locatedIn
Myotis lucifugus,Ohio,locatedIn
Myotis lucifugus,Wyoming,locatedIn
Myotis lucifugus,Montana,locatedIn
Myotis lucifugus,Nebraska,locatedIn
Myotis lucifugus,New Mexico,locatedIn
Myotis lucifugus,Washington,locatedIn
Myotis lucifugus,Oregon,locatedIn
Myotis lucifugus,South Dakota,locatedIn
Myotis lucifugus,California,locatedIn
Myotis lucifugus,Nevada,locatedIn
Myotis lucifugus,Idaho,locatedIn
Myotis lucifugus,Michigan,locatedIn
Myotis lucifugus,Utah,locatedIn
Myotis lucifugus,,locatedIn
Myrmica quebecensis,Alaska,locatedIn
Nanger dama,California,locatedIn
Nanger dama,Utah,locatedIn
Necturus alabamensis,Florida,locatedIn
Necturus alabamensis,Mississippi,locatedIn
Necturus alabamensis,Alabama,locatedIn
Negaprion brevirostris,Florida,locatedIn
Neofelis nebulosa,New Mexico,locatedIn
Neofelis nebulosa,Colorado,locatedIn
Neofelis nebulosa,Washington,locatedIn
Neofelis nebulosa,California,locatedIn
Neomonachus schauinslandi,,locatedIn
Nesoenas mayeri,Texas,locatedIn
Nesoenas mayeri,New Mexico,locatedIn
Nicrophorus americanus,California,locatedIn
Nomascus leucogenys,Ohio,locatedIn
Notophthalmus meridionalis,Texas,locatedIn
Notorynchus cepedianus,California,locatedIn
Notorynchus cepedianus,,locatedIn
Notropis albizonatus,Alabama,locatedIn
Notropis albizonatus,Kentucky,locatedIn
Notropis buccula,Texas,locatedIn
Notropis cahabae,Alabama,locatedIn
Notropis girardi,Oklahoma,locatedIn
Notropis girardi,New Mexico,locatedIn
Notropis girardi,Texas,locatedIn
Notropis mekistocholas,North Carolina,locatedIn
Notropis melanostomus,Alabama,locatedIn
Notropis melanostomus,Mississippi,locatedIn
Notropis melanostomus,Florida,locatedIn
Notropis oxyrhynchus,Texas,locatedIn
Notropis perpallidus,Arkansas,locatedIn
Notropis perpallidus,Oklahoma,locatedIn
Notropis semperasper,Virginia,locatedIn
Notropis simus,Kansas,locatedIn
Notropis simus,New Mexico,locatedIn
Noturus baileyi,Tennessee,locatedIn
Noturus crypticus,Tennessee,locatedIn
Noturus fasciatus,Tennessee,locatedIn
Noturus flavipinnis,Tennessee,locatedIn
Noturus flavipinnis,Virginia,locatedIn
Noturus gilberti,Virginia,locatedIn
Noturus lachneri,Arkansas,locatedIn
Noturus munitus,Alabama,locatedIn
Noturus munitus,Georgia,locatedIn
Noturus munitus,Mississippi,locatedIn
Noturus munitus,Louisiana,locatedIn
Noturus stanauli,Tennessee,locatedIn
Noturus taylori,Arkansas,locatedIn
Numenius madagascariensis,Alaska,locatedIn
Nycticebus coucang,Washington,locatedIn
Nycticebus pygmaeus,New Mexico,locatedIn
Nycticebus pygmaeus,Washington,locatedIn
Obovaria jacksoniana,Alabama,locatedIn
Obovaria retusa,Alabama,locatedIn
Obovaria subrotunda,Alabama,locatedIn
Obovaria subrotunda,West Virginia,locatedIn
Obovaria subrotunda,Tennessee,locatedIn
Oceanodroma homochroa,California,locatedIn
Oceanodroma homochroa,,locatedIn
Oceanodroma leucorhoa,Alaska,locatedIn
Oceanodroma leucorhoa,,locatedIn
Oceanodroma leucorhoa,Texas,locatedIn
Oceanodroma leucorhoa,California,locatedIn
Odobenus rosmarus,Alaska,locatedIn
Odobenus rosmarus,,locatedIn
Oncorhynchus apache,Arizona,locatedIn
Oncorhynchus gilae,Arizona,locatedIn
Oncorhynchus gilae,New Mexico,locatedIn
Onychoprion aleuticus,,locatedIn
Onychoprion aleuticus,Alaska,locatedIn
Orconectes incomptus,Tennessee,locatedIn
Oregonichthys kalawatseti,Oregon,locatedIn
Oreochromis macrochir,Hawaii,locatedIn
Oreochromis mossambicus,Texas,locatedIn
Oreochromis mossambicus,Florida,locatedIn
Oreochromis mossambicus,Hawaii,locatedIn
Oreochromis mossambicus,,locatedIn
Oreochromis mossambicus,Arizona,locatedIn
Oreochromis mossambicus,California,locatedIn
Oreochromis mossambicus,Montana,locatedIn
Oreochromis mossambicus,Idaho,locatedIn
Oryctolagus cuniculus,New Mexico,locatedIn
Oryctolagus cuniculus,Colorado,locatedIn
Oryctolagus cuniculus,Washington,locatedIn
Oryctolagus cuniculus,,locatedIn
Oryctolagus cuniculus,Alaska,locatedIn
Oryx beisa,Washington,locatedIn
Oryx leucoryx,Texas,locatedIn
Osteolaemus tetraspis,Nebraska,locatedIn
Paetulunio fabalis,Pennsylvania,locatedIn
Palaemon antrorum,Texas,locatedIn
Palaemonias alabamae,Alabama,locatedIn
Palea steindachneri,Hawaii,locatedIn
Palmeria dolei,Hawaii,locatedIn
Pan paniscus,Ohio,locatedIn
Pan troglodytes,New Mexico,locatedIn
Panthera leo,Pennsylvania,locatedIn
Panthera leo,New Mexico,locatedIn
Panthera leo,Ohio,locatedIn
Panthera leo,Washington,locatedIn
Panthera leo,Utah,locatedIn
Panthera leo,California,locatedIn
Panthera leo,Alaska,locatedIn
Panthera pardus,Ohio,locatedIn
Panthera tigris,New Mexico,locatedIn
Panthera tigris,Colorado,locatedIn
Panthera tigris,Texas,locatedIn
Panthera tigris,Washington,locatedIn
Panthera tigris,Utah,locatedIn
Panthera tigris,Kansas,locatedIn
Paramesotriton labiatus,California,locatedIn
Pardosa diuturna,Alaska,locatedIn
Paroreomyza montana,Hawaii,locatedIn
Pavo muticus,California,locatedIn
Pegias fabula,Tennessee,locatedIn
Pelodiscus sinensis,Virginia,locatedIn
Pelodiscus sinensis,Hawaii,locatedIn
Pelodiscus sinensis,New York,locatedIn
Pelodiscus sinensis,Maryland,locatedIn
Pelodiscus sinensis,North Carolina,locatedIn
Percina antesella,Tennessee,locatedIn
Percina antesella,Georgia,locatedIn
Percina aurolineata,Alabama,locatedIn
Percina aurolineata,Georgia,locatedIn
Percina aurora,Mississippi,locatedIn
Percina bimaculata,Pennsylvania,locatedIn
Percina bimaculata,Maryland,locatedIn
Percina brevicauda,Alabama,locatedIn
Percina burtoni,Tennessee,locatedIn
Percina burtoni,Alabama,locatedIn
Percina burtoni,Virginia,locatedIn
Percina crypta,Georgia,locatedIn
Percina crypta,Alabama,locatedIn
Percina cymatotaenia,Missouri,locatedIn
Percina jenkinsi,Tennessee,locatedIn
Percina jenkinsi,Georgia,locatedIn
Percina kusha,Georgia,locatedIn
Percina rex,Virginia,locatedIn
Percina sipsi,Alabama,locatedIn
Percina tanasi,Alabama,locatedIn
Percina tanasi,Tennessee,locatedIn
Perimyotis subflavus,New York,locatedIn
Perimyotis subflavus,Kansas,locatedIn
Perimyotis subflavus,Colorado,locatedIn
Perimyotis subflavus,Texas,locatedIn
Perimyotis subflavus,Alabama,locatedIn
Perimyotis subflavus,New Mexico,locatedIn
Perimyotis subflavus,Nebraska,locatedIn
Perimyotis subflavus,Missouri,locatedIn
Perimyotis subflavus,Louisiana,locatedIn
Perimyotis subflavus,Wyoming,locatedIn
Perimyotis subflavus,Iowa,locatedIn
Phaeognathus hubrichti,Alabama,locatedIn
Phascolarctos cinereus,New Mexico,locatedIn
Phascolarctos cinereus,Ohio,locatedIn
Phascolarctos cinereus,California,locatedIn
Phelsuma guimbeaui,Hawaii,locatedIn
Phoebastria albatrus,California,locatedIn
Photuris flavicollis,Texas,locatedIn
Physeter macrocephalus,California,locatedIn
Physeter macrocephalus,,locatedIn
Physeter macrocephalus,Alaska,locatedIn
Pica nuttalli,California,locatedIn
Pituophis ruthveni,Texas,locatedIn
Pituophis ruthveni,Louisiana,locatedIn
Plagopterus argentissimus,Utah,locatedIn
Plethobasus cooperianus,Alabama,locatedIn
Plethobasus cyphyus,Tennessee,locatedIn
Plethobasus cyphyus,Kentucky,locatedIn
Plethobasus cyphyus,Virginia,locatedIn
Plethobasus cyphyus,Illinois,locatedIn
Plethodon amplus,North Carolina,locatedIn
Plethodon asupak,California,locatedIn
Plethodon cheoah,North Carolina,locatedIn
Plethodon fourchensis,Arkansas,locatedIn
Plethodon meridianus,North Carolina,locatedIn
Plethodon petraeus,Georgia,locatedIn
Plethodon shermani,North Carolina,locatedIn
Plethodon shermani,Tennessee,locatedIn
Plethodon stormi,California,locatedIn
Plethodon welleri,Tennessee,locatedIn
Pleurobema clava,Pennsylvania,locatedIn
Pleurobema clava,Tennessee,locatedIn
Pleurobema decisum,Alabama,locatedIn
Pleurobema decisum,Georgia,locatedIn
Pleurobema georgianum,Alabama,locatedIn
Pleurobema georgianum,Georgia,locatedIn
Pleurobema hanleyianum,Alabama,locatedIn
Pleurobema hanleyianum,Georgia,locatedIn
Pleurobema oviforme,Tennessee,locatedIn
Pleurobema oviforme,Alabama,locatedIn
Pleurobema oviforme,Kentucky,locatedIn
Pleurobema plenum,Tennessee,locatedIn
Pleurobema plenum,Kentucky,locatedIn
Pleurobema pyriforme,Georgia,locatedIn
Pleurobema pyriforme,Alabama,locatedIn
Pleurobema rubellum,Alabama,locatedIn
Pleurobema strodeanum,Alabama,locatedIn
Pleurobema strodeanum,Florida,locatedIn
Pleurobema taitianum,Alabama,locatedIn
Pleurocera annulifera,Alabama,locatedIn
Pleurocera foremani,Alabama,locatedIn
Pleurocera picta,Tennessee,locatedIn
Pleurocera showalterii,Alabama,locatedIn
Pleurocera showalterii,Georgia,locatedIn
Pleurocera walkeri,Georgia,locatedIn
Pleuronaia dolabelloides,Alabama,locatedIn
Pleuronaia dolabelloides,Tennessee,locatedIn
Podiceps auritus,Colorado,locatedIn
Podiceps auritus,Alaska,locatedIn
Podiceps auritus,,locatedIn
Podiceps auritus,Texas,locatedIn
Podiceps auritus,Missouri,locatedIn
Podiceps auritus,Washington,locatedIn
Podiceps auritus,California,locatedIn
Podiceps auritus,New Mexico,locatedIn
Podiceps auritus,New York,locatedIn
Podiceps auritus,Michigan,locatedIn
Pogonomyrmex anergismus,Arizona,locatedIn
Pogonomyrmex anergismus,New Mexico,locatedIn
Pogonomyrmex colei,Arizona,locatedIn
Polyergus breviceps,Illinois,locatedIn
Polyodon spathula,Ohio,locatedIn
Polyodon spathula,Alabama,locatedIn
Polyodon spathula,Mississippi,locatedIn
Polyodon spathula,Arkansas,locatedIn
Polyodon spathula,Louisiana,locatedIn
Polyodon spathula,Iowa,locatedIn
Polyodon spathula,South Dakota,locatedIn
Polysticta stelleri,Alaska,locatedIn
Polysticta stelleri,,locatedIn
Polysticta stelleri,California,locatedIn
Pomatomus saltatrix,Florida,locatedIn
Pomatomus saltatrix,Massachusetts,locatedIn
Pomatomus saltatrix,South Carolina,locatedIn
Pomatomus saltatrix,,locatedIn
Pomatomus saltatrix,Mississippi,locatedIn
Pomatomus saltatrix,Alabama,locatedIn
Pomatomus saltatrix,New Jersey,locatedIn
Pomatomus saltatrix,Texas,locatedIn
Pongo abelii,New Mexico,locatedIn
Pongo pygmaeus,Washington,locatedIn
Potamilus capax,Arkansas,locatedIn
Potamilus inflatus,Alabama,locatedIn
Prionailurus viverrinus,Texas,locatedIn
Prionailurus viverrinus,California,locatedIn
Pristis pectinata,Florida,locatedIn
Pseudobatos lentiginosus,,locatedIn
Psittacus erithacus,Ohio,locatedIn
Psittacus erithacus,Colorado,locatedIn
Pterodroma cookii,Washington,locatedIn
Pterodroma longirostris,Texas,locatedIn
Pterodroma sandwichensis,Hawaii,locatedIn
Pterodroma sandwichensis,Arizona,locatedIn
Pteronotropis welaka,Alabama,locatedIn
Pteronotropis welaka,Florida,locatedIn
Pteronotropis welaka,Mississippi,locatedIn
Pteronotropis welaka,Georgia,locatedIn
Pteronotropis welaka,Louisiana,locatedIn
Pteropus poliocephalus,Washington,locatedIn
Pteropus rodricensis,Washington,locatedIn
Ptychobranchus greenii,Alabama,locatedIn
Ptychobranchus greenii,Georgia,locatedIn
Ptychobranchus jonesi,Alabama,locatedIn
Ptychocheilus lucius,New Mexico,locatedIn
Ptychocheilus lucius,Colorado,locatedIn
Ptychocheilus lucius,Utah,locatedIn
Puffinus bulleri,California,locatedIn
Puffinus bulleri,,locatedIn
Puffinus creatopus,Washington,locatedIn
Puffinus creatopus,,locatedIn
Puffinus creatopus,California,locatedIn
Puffinus newelli,Hawaii,locatedIn
Puffinus newelli,,locatedIn
Pycnopodia helianthoides,,locatedIn
Pycnopodia helianthoides,California,locatedIn
Pycnopodia helianthoides,Alaska,locatedIn
Python bivittatus,Florida,locatedIn
Python bivittatus,,locatedIn
Rana draytonii,California,locatedIn
Rana muscosa,California,locatedIn
Rana pretiosa,Montana,locatedIn
Rana pretiosa,Washington,locatedIn
Rana pretiosa,Wyoming,locatedIn
Rana pretiosa,Oregon,locatedIn
Rana sierrae,California,locatedIn
Rangifer tarandus,Alaska,locatedIn
Rangifer tarandus,Ohio,locatedIn
Rangifer tarandus,Colorado,locatedIn
Rangifer tarandus,,locatedIn
Reithrodontomys raviventris,California,locatedIn
Reithrodontomys raviventris,,locatedIn
Rhabdotorrhinus corrugatus,Louisiana,locatedIn
Rhinichthys cobitis,New Mexico,locatedIn
Rhinichthys cobitis,Arizona,locatedIn
Rhinoceros unicornis,Texas,locatedIn
Rhinoptera bonasus,Alabama,locatedIn
Rhinoptera bonasus,,locatedIn
Rhinoptera bonasus,Texas,locatedIn
Rhinoptera brasiliensis,,locatedIn
Rhodacmea elatior,Alabama,locatedIn
Rhomboplites aurorubens,,locatedIn
Rhomboplites aurorubens,Alabama,locatedIn
Rhyacotriton olympicus,Washington,locatedIn
Rhynchopsitta pachyrhyncha,Arizona,locatedIn
Rhyticeros cassidix,Louisiana,locatedIn
Rhyticeros cassidix,California,locatedIn
Rissa brevirostris,,locatedIn
Rissa brevirostris,Alaska,locatedIn
Rissa brevirostris,California,locatedIn
Rissa tridactyla,,locatedIn
Rissa tridactyla,Alaska,locatedIn
Rissa tridactyla,New York,locatedIn
Rissa tridactyla,Washington,locatedIn
Rissa tridactyla,Kansas,locatedIn
Rissa tridactyla,Texas,locatedIn
Rissa tridactyla,California,locatedIn
Rissa tridactyla,New Mexico,locatedIn
Rollulus rouloul,Texas,locatedIn
Rollulus rouloul,Louisiana,locatedIn
Rucervus duvaucelii,Texas,locatedIn
Sagittunio nasutus,New York,locatedIn
Saguinus bicolor,Texas,locatedIn
Saguinus oedipus,Utah,locatedIn
Saiga tatarica,Alaska,locatedIn
Salvelinus confluentus,Idaho,locatedIn
Salvelinus confluentus,Oregon,locatedIn
Salvelinus confluentus,Washington,locatedIn
Sarcophilus harrisii,New Mexico,locatedIn
Scaphirhynchus albus,Missouri,locatedIn
Scaphirhynchus albus,Nebraska,locatedIn
Scaphirhynchus albus,Louisiana,locatedIn
Scaphirhynchus albus,South Dakota,locatedIn
Scaphirhynchus albus,North Dakota,locatedIn
Scaphirhynchus albus,Montana,locatedIn
Scaphirhynchus albus,Illinois,locatedIn
Scaphirhynchus platorynchus,Mississippi,locatedIn
Scaphirhynchus platorynchus,Missouri,locatedIn
Scaphirhynchus platorynchus,Wyoming,locatedIn
Scaphirhynchus platorynchus,Louisiana,locatedIn
Scaphirhynchus platorynchus,Kansas,locatedIn
Scaphirhynchus platorynchus,Iowa,locatedIn
Scaphirhynchus platorynchus,South Dakota,locatedIn
Scaphirhynchus platorynchus,North Dakota,locatedIn
Scaphirhynchus platorynchus,Nebraska,locatedIn
Scaphirhynchus platorynchus,Ohio,locatedIn
Scaphirhynchus platorynchus,Montana,locatedIn
Scaphirhynchus suttkusi,Alabama,locatedIn
Sceloporus arenicolus,New Mexico,locatedIn
Sceloporus arenicolus,Texas,locatedIn
Sebastes fasciatus,Maine,locatedIn
Sebastes fasciatus,,locatedIn
Sebastes paucispinis,,locatedIn
Sebastes paucispinis,California,locatedIn
Sebastolobus alascanus,,locatedIn
Sebastolobus alascanus,California,locatedIn
Semicossyphus pulcher,,locatedIn
Semicossyphus pulcher,California,locatedIn
Setophaga chrysoparia,Texas,locatedIn
Setophaga dominica,Florida,locatedIn
Setophaga dominica,Maryland,locatedIn
Setophaga dominica,Alabama,locatedIn
Setophaga dominica,North Carolina,locatedIn
Setophaga dominica,Louisiana,locatedIn
Setophaga dominica,,locatedIn
Setophaga dominica,Ohio,locatedIn
Setophaga dominica,Missouri,locatedIn
Simpsonaias ambigua,Tennessee,locatedIn
Siphateles boraxobius,Oregon,locatedIn
Somniosus microcephalus,,locatedIn
Sorex pribilofensis,,locatedIn
Sorex pribilofensis,Alaska,locatedIn
Speoplatyrhinus poulsoni,Alabama,locatedIn
Speyeria idalia,Illinois,locatedIn
Speyeria idalia,Iowa,locatedIn
Speyeria idalia,,locatedIn
Speyeria idalia,Minnesota,locatedIn
Spheniscus demersus,California,locatedIn
Spheniscus humboldti,Colorado,locatedIn
Sphyrna lewini,Alabama,locatedIn
Sphyrna lewini,,locatedIn
Sphyrna mokarran,,locatedIn
Sphyrna tiburo,,locatedIn
Sphyrna tiburo,Alabama,locatedIn
Sphyrna zygaena,,locatedIn
Spilogale putorius,Kansas,locatedIn
Spilogale putorius,Texas,locatedIn
Spilogale putorius,South Dakota,locatedIn
Spilogale putorius,North Carolina,locatedIn
Spilogale putorius,Florida,locatedIn
Spilogale putorius,Oregon,locatedIn
Spilogale putorius,New Mexico,locatedIn
Spilogale putorius,Oklahoma,locatedIn
Spilogale putorius,Alabama,locatedIn
Squalus acanthias,,locatedIn
Squalus acanthias,California,locatedIn
Squalus acanthias,Maine,locatedIn
Squalus mitsukurii,,locatedIn
Stegastes leucorus,California,locatedIn
Stegastes leucorus,,locatedIn
Stereolepis gigas,,locatedIn
Stereolepis gigas,California,locatedIn
Sternotherus depressus,Alabama,locatedIn
Streptocephalus woottoni,California,locatedIn
Stygobromus gradyi,,locatedIn
Sylvilagus robustus,Texas,locatedIn
Sylvilagus transitionalis,New York,locatedIn
Sylvilagus transitionalis,Connecticut,locatedIn
Symphalangus syndactylus,New Mexico,locatedIn
Symphalangus syndactylus,Washington,locatedIn
Syncaris pacifica,California,locatedIn
Synthliboramphus craveri,California,locatedIn
Synthliboramphus hypoleucus,California,locatedIn
Synthliboramphus hypoleucus,,locatedIn
Synthliboramphus scrippsi,California,locatedIn
Synthliboramphus scrippsi,,locatedIn
Syrmaticus reevesii,Texas,locatedIn
Tamias palmeri,Nevada,locatedIn
Tapirus terrestris,Illinois,locatedIn
Tapirus terrestris,Ohio,locatedIn
Tapirus terrestris,Washington,locatedIn
Tautoga onitis,Alabama,locatedIn
Tautoga onitis,,locatedIn
Tautoga onitis,New Jersey,locatedIn
Terrapene carolina,California,locatedIn
Terrapene carolina,Maryland,locatedIn
Terrapene carolina,North Carolina,locatedIn
Terrapene carolina,Oklahoma,locatedIn
Terrapene carolina,Texas,locatedIn
Terrapene carolina,Florida,locatedIn
Terrapene carolina,Georgia,locatedIn
Terrapene carolina,Alabama,locatedIn
Terrapene carolina,New Jersey,locatedIn
Terrapene carolina,Missouri,locatedIn
Terrapene carolina,South Carolina,locatedIn
Terrapene carolina,Tennessee,locatedIn
Terrapene carolina,Mississippi,locatedIn
Terrapene carolina,Virginia,locatedIn
Terrapene carolina,,locatedIn
Terrapene carolina,Kentucky,locatedIn
Terrapene carolina,Louisiana,locatedIn
Terrapene carolina,Michigan,locatedIn
Thalassarche chlororhynchos,Texas,locatedIn
Thamnophis gigas,California,locatedIn
Theliderma cylindrica,Tennessee,locatedIn
Theliderma intermedia,Tennessee,locatedIn
Theliderma sparsa,Tennessee,locatedIn
Theliderma stapes,Alabama,locatedIn
Thunnus obesus,Alabama,locatedIn
Toxolasma cylindrellum,Alabama,locatedIn
Toxolasma pullum,Georgia,locatedIn
Toxostoma bendirei,Arizona,locatedIn
Toxostoma bendirei,New Mexico,locatedIn
Toxostoma bendirei,California,locatedIn
Trachemys gaigeae,Texas,locatedIn
Trachemys gaigeae,,locatedIn
Trachemys gaigeae,New Mexico,locatedIn
Trachypithecus francoisi,Texas,locatedIn
Trachypithecus francoisi,Washington,locatedIn
Trachypithecus francoisi,California,locatedIn
Tragelaphus eurycerus,New Mexico,locatedIn
Tremarctos ornatus,Texas,locatedIn
Tremarctos ornatus,California,locatedIn
Triaenodon obesus,,locatedIn
Trichechus manatus,Florida,locatedIn
Trichechus manatus,,locatedIn
Trichechus manatus,Ohio,locatedIn
Trioceros quadricornis,California,locatedIn
Tulotoma magnifica,Alabama,locatedIn
Tympanuchus pallidicinctus,Kansas,locatedIn
Tympanuchus pallidicinctus,Colorado,locatedIn
Tympanuchus pallidicinctus,New Mexico,locatedIn
Uncia uncia,New Mexico,locatedIn
Uncia uncia,Ohio,locatedIn
Uncia uncia,Washington,locatedIn
Uncia uncia,Utah,locatedIn
Urocitellus brunneus,Idaho,locatedIn
Urocitellus townsendii,Idaho,locatedIn
Urocitellus townsendii,Washington,locatedIn
Urocitellus townsendii,Utah,locatedIn
Uroplatus ebenaui,California,locatedIn
Uroplatus henkeli,California,locatedIn
Ursus maritimus,New Mexico,locatedIn
Ursus maritimus,Alaska,locatedIn
Ursus maritimus,California,locatedIn
Ursus maritimus,,locatedIn
Ursus thibetanus,Texas,locatedIn
Valvata mergella,Alaska,locatedIn
Varanus komodoensis,New Mexico,locatedIn
Varecia rubra,California,locatedIn
Varecia variegata,New Mexico,locatedIn
Varecia variegata,Texas,locatedIn
Varecia variegata,Utah,locatedIn
Venustaconcha trabalis,Tennessee,locatedIn
Venustaconcha trabalis,Kentucky,locatedIn
Vestiaria coccinea,Hawaii,locatedIn
Vultur gryphus,California,locatedIn
Xerarionta intercisa,California,locatedIn
Xerarionta redimita,California,locatedIn
Xerarionta tryoni,,locatedIn
Xyrauchen texanus,New Mexico,locatedIn
Xyrauchen texanus,Nevada,locatedIn
Xyrauchen texanus,Arizona,locatedIn
Xyrauchen texanus,California,locatedIn
Xyrauchen texanus,Colorado,locatedIn
Xyrauchen texanus,Utah,locatedIn
